<?xml version="1.0" encoding="UTF-8"?>
<beans xmlns="http://www.springframework.org/schema/beans"
	xmlns:xsi="http://www.w3.org/2001/XMLSchema-instance"
	xmlns:context="http://www.springframework.org/schema/context"
	xsi:schemaLocation="http://www.springframework.org/schema/beans http://www.springframework.org/schema/beans/spring-beans.xsd
		http://www.springframework.org/schema/context http://www.springframework.org/schema/context/spring-context.xsd">

<context:annotation-config />

<context:property-placeholder location="app.properties"/> <!-- location should be full classpath. But here the app.properties is present in resource hence direct name -->
<bean name="custRepo" 
	  class="repository.HibernateCustomerRepositoryImpl" >
	  <property name="dbUserName" value="${dbUserName}" /></bean>

<!-- setter injection wired by name.  -->
		  
<bean name="customerServiceUsingSetter"
      class="service.CustomerServiceImpl" scope="singleton" >
 
      <!--  wiring the beans together by name(customerRepository).-->
      <property name="customerRepository" ref="custRepo" />
      <!-- customerRepository is now set using the bean custRepo that we have defined and it's by reference from one to the other.  -->
           
</bean>

<!-- Constructor injection wired by index based .  -->

<bean name="customerServiceUsingConstructor"
      class="service.CustomerServiceImpl" >
 
      <!--  wiring the beans together by name(customerRepository).-->
      <constructor-arg index ="0" ref="custRepo" />
      <!-- you can add <property ...... /> also here to make them work together -->
      
           
</bean>
      
<!-- autowired   -->
      
 <bean name="csUsingAutoWire"
 class="service.CustomerServiceImpl" autowire="constructor" />
 <!-- even if you cahnge autowire="byType" it will work as same(try tht)
 		But if cahnge that to byName then you have to ensure somet things in order to work
 		1)	 the  customerService class should hold the default constructor and
 		2)   it shuold have the setter name same as bean name customer repository bean name
 		for ex: here Customer repository bean name is custRepo so in customerServiceImpl it should have name as setCustRepo()
 		otherwise you will get nullpointer excetion. try-->
</beans>


