<?xml version="1.0" encoding="UTF-8"?>
<!-- Since this is a security file, I'm going to be using thesecurity namespace 
	for everything, so I want to make that one the default. beans:beans, which 
	says I have to use that prefix whenever I'm dealing with beans and make security 
	the default namespace so that I don't have to require any prefix when I'm 
	using that. -->
<beans:beans xmlns:beans="http://www.springframework.org/schema/beans"
	xmlns:xsi="http://www.w3.org/2001/XMLSchema-instance" xmlns:context="http://www.springframework.org/schema/context"
	xmlns:p="http://www.springframework.org/schema/p" xmlns="http://www.springframework.org/schema/security"
	xsi:schemaLocation="http://www.springframework.org/schema/beans 
	http://www.springframework.org/schema/beans/spring-beans.xsd
		http://www.springframework.org/schema/context 
		http://www.springframework.org/schema/context/spring-context.xsd
		http://www.springframework.org/schema/security 
		http://www.springframework.org/schema/security/spring-security.xsd">

	<http auto-config="true"> <!-- says by default I want to accept all the defaults and route everything 
			to me -->

		<intercept-url pattern="/login.html" access="IS_AUTHENTICATED_ANONYMOUSLY" />
		<intercept-url pattern="/**" access="ROLE_USER" /> <!-- because this uses Ant pattern style matching. -->
		<!-- <http-basic/> this tells it that I want to use http-basic for all 
			my authentication. Now one thing to note about this is it does use my authentication-manager 
			still and it's going to go against our database and use our hashing algorithm 
			that we put in there before. So, all of the other configuration we have in 
			place is just going to be inherently used by http-basic -->
		<form-login login-page="/login.html" /> <!-- adding.html specifically tells it that we want to route this page through Spring MVC -->
	</http>

	<!-- Note: one thing to note in future if you try to give any other access[like 
		ROLE_ADMIN or anyting you have to be careful by adding there are two ways 
		1) By adding that new access level in above access area or preferred 2) Just 
		add the user levels in Dababase, For example for same user name add access 
		level as ROLE_USER, ROLE_ADMIN, whatever... -->


	<!-- until up we have been used in memory model. But for real experience, 
		we have using MySQL and for that below are mandatory -->

	<!-- In Memory has been replaced by actual datasource -->

	<!-- (1) way of connection. <authentication-manager> <authentication-provider 
		user-service-ref="userDetailService" /> </authentication-manager> <beans:bean 
		id="userDetailService" class="org.springframework.security.core.userdetails.jdbc.JdbcDaoImpl"> 
		<beans:property name="dataSource" ref="dataSource"/> </beans:bean> -->
	<!-- Most efficent way of making a dataSource connection as bean creation 
		to the jdbcDAo is not required (2nd) Way of connection -->

	<authentication-manager>
		<authentication-provider>
		<!-- <password-encoder hash="md5" />This line is to implement the md5 encrypted password -->
			<password-encoder hash="bcrypt" /><!-- As bcrypt is an default encryption provided by spring -->
		<jdbc-user-service data-source-ref="dataSource" />
		</authentication-provider>
	</authentication-manager>



	<beans:bean id="dataSource"
		class="org.springframework.jdbc.datasource.DriverManagerDataSource">
		<beans:property name="driverClassName" value="com.mysql.jdbc.Driver" />
		<beans:property name="url"
			value="jdbc:mysql://localhost:3306/fitnessTracker" />
		<beans:property name="username" value="root" />
		<beans:property name="password" value="root" />
	</beans:bean>



</beans:beans>
