<?xml version="1.0" encoding="UTF-8"?>
<!-- Since this is a security file, I'm going to be using thesecurity namespace for everything, 
so I want to make that one the default. beans:beans, which says I have to use that prefix 
whenever I'm dealing with beans and make security the default namespace so that I don't have to require any prefix when I'm using that. -->
<beans:beans xmlns:beans="http://www.springframework.org/schema/beans"
	xmlns:xsi="http://www.w3.org/2001/XMLSchema-instance"
	xmlns:context="http://www.springframework.org/schema/context"
	xmlns:p="http://www.springframework.org/schema/p"
	xmlns="http://www.springframework.org/schema/security"
	xsi:schemaLocation="http://www.springframework.org/schema/beans 
	http://www.springframework.org/schema/beans/spring-beans.xsd
		http://www.springframework.org/schema/context 
		http://www.springframework.org/schema/context/spring-context.xsd
		http://www.springframework.org/schema/security 
		http://www.springframework.org/schema/security/spring-security.xsd">

	<!-- the reason our namespace to where beans needed the prefix of beans on there is because 
	all of these elements would have required security: like that[securiy:http, authen...]. 
	so I've gotten rid of that prefix for the security, but if you look at any other examples out there, 
	you'll see that there's security: on everything, and it just doesn't make any sense. 
	Since we're in this security file, let's make it the default namespace.  -->

	<http auto-config="true"> <!-- says by default I want to accept all the defaults and route everything to me -->
		<intercept-url pattern="/**" access="ROLE_USER" /> <!-- because this uses Ant pattern style matching.  -->
	</http>

	<!-- We've created a user that has ROLE_USER, and all URLs are required to run through our security filter and must have an access type of ROLE_USER on them. -->
	<authentication-manager>
		<authentication-provider>
			<user-service>
				<user name="saran" password="upwd" authorities="ROLE_USER"/>
			</user-service>
		</authentication-provider>
	</authentication-manager>

<!-- Flow: when a user named saran logs on, they will be authenticated. The application will be assured that they are saran 
if the user knows the password, which in our example was upwd. Once the application has authenticated with saran, 
saran will now be authorized to access any resource a ROLE_USER can. This is how Spring deals with authentication 
and authorization. So authentication, knowing the password, authorization, knowing the role that this person can execute. -->

<!--  until up we have been used in memory model. But for real experience, we have using MySQL and for that below are mandatory -->

<beans:bean id="datasource" class="org.springframework.jdbc.datasource.DriverManagerDataSource">
	<beans:property name="driverClassName" value="com.mysql.jdbc.Driver" />
	<beans:property name="url" value="jdbc:mysql://localhost:3306/fitnessTracker" />
	<beans:property name="username" value="root" />
	<beans:property name="password" value="root" />
</beans:bean>

<!-- There are two ways to implement ? and the first way is   -->
<beans:bean id="userDetailService" class="org.springframework.security.core.userdetails.jdbc.JdbcDaoImpl">
	<beans:property name="dataSource" ref="dataSource"/>
</beans:bean>


</beans:beans>
