<?xml version="1.0" encoding="UTF-8"?>
<beans xmlns="http://www.springframework.org/schema/beans"
	xmlns:xsi="http://www.w3.org/2001/XMLSchema-instance"
	xmlns:context="http://www.springframework.org/schema/context"
	xmlns:mvc="http://www.springframework.org/schema/mvc"
	xmlns:p="http://www.springframework.org/schema/p"
	xsi:schemaLocation="http://www.springframework.org/schema/mvc http://www.springframework.org/schema/mvc/spring-mvc-3.2.xsd
		http://www.springframework.org/schema/beans http://www.springframework.org/schema/beans/spring-beans.xsd
		http://www.springframework.org/schema/context http://www.springframework.org/schema/context/spring-context-3.2.xsd">


	<mvc:annotation-driven/>
	<mvc:default-servlet-handler />
	
	<mvc:resources location="pdfs" mapping="/pdfs/**"/>
	
	<context:component-scan base-package="com.pluralsight"/>
	
	<bean class="org.springframework.web.servlet.view.ContentNegotiatingViewResolver">
		<property name="order" value="1" />
		<property name="contentNegotiationManager"> <!-- Used to what types are we going to accept into our application  -->
			<bean class="org.springframework.web.accept.ContentNegotiationManager">
				<constructor-arg>
					<bean class="org.springframework.web.accept.PathExtensionContentNegotiationStrategy"><!-- So this is just what tells it which path types we're going to accept in here -->
						<constructor-arg>
							<map>
								<entry key="json" value="application/json" />
								<entry key="xml" value="application/xml" />
							</map>
						</constructor-arg>
					</bean>
				</constructor-arg>
			</bean>
		</property>
		
		<property name="defaultViews"><!-- So the default views are basically what we want to use, what framework do we want to use based off the view type that's coming through -->
			<list>
				<bean class="org.springframework.web.servlet.view.json.MappingJackson2JsonView" />
				<!-- The below bean configuration for xml with Spring -->
				<bean class="org.springframework.web.servlet.view.xml.MarshallingView">
					<constructor-arg>
						<bean class="org.springframework.oxm.xstream.XStreamMarshaller">
							<property name="autodetectAnnotations" value="true" />
						</bean>
					</constructor-arg>
				</bean>
			</list>
		</property>
	</bean>
	
	
	
	<mvc:interceptors>
		<bean class="org.springframework.web.servlet.i18n.LocaleChangeInterceptor"
		p:paramName="Language"/> <!-- This Language param is tied to addMinutes.jsp Language param. So that is the intercepting happening by help of this namespaces -->
	</mvc:interceptors>
	
	<bean id="localeResolver" class="org.springframework.web.servlet.i18n.SessionLocaleResolver" p:defaultLocale="en"/>
		
	<bean id="messageSource" 
	class="org.springframework.context.support.ResourceBundleMessageSource" 
	p:basename="messages"></bean>
	
	<!-- There're two ways you can configure the bean for your jsp page -->
	<!-- Long hand  way 
	<bean class="org.springframework.web.servlet.view.InternalResourceViewResolver">
		<property name="prefix" value="/WEB-INF/jsp/"/>
		<property name="suffix" value=".jsp"/>
	</bean>-->
	 
	 	<!-- short hand way -->
	<bean class="org.springframework.web.servlet.view.InternalResourceViewResolver" 
	 p:prefix="/WEB-INF/jsp/" p:suffix=".jsp" p:order="2"/> 
	 <bean class="org.springframework.web.servlet.view.BeanNameViewResolver" p:order="0"/>

</beans>
